Ticker,Date,Time,News_Title
TSLA,Sep-10-21,09:45PM  ,5 Best Chinese Stocks To Buy And Watch As Beijing Crackdowns Continue
TSLA,Sep-10-21,09:35PM  ,Dow Jones Futures: Market Rally Retreats Amid 'Epic' Apple Sell-Off; Will Tesla Self-Driving Release 'Blow Your Mind'?
TSLA,Sep-10-21,04:46PM  ,Replay: Wejo CEO & VOSO CEO in Fireside Chat
TSLA,Sep-10-21,04:39PM  ,"Stock Market Rally Pulls Back; Lululemon, Affirm, Tesla, Coinbase In Focus: Weekly Review"
TSLA,Sep-10-21,04:13PM  ,Cathie Wood's Ark ETFs Sell $139 Million Worth of Tesla Stock
TSLA,Sep-10-21,01:00PM  ,ETFs to Tap on Rivian's High-Profile IPO Move
TSLA,Sep-10-21,10:58AM  ,"Dow Jones Falls 100 Points; Biden, Xi Talk; Affirm Skyrockets On Earnings"
TSLA,Sep-10-21,10:21AM  ,Is Nio Stock A Buy As China's Tesla Plans 3 New EVs In 2022?
TSLA,Sep-10-21,09:45AM  ,10 Best Infrastructure Stocks According to Reddit
TSLA,Sep-10-21,09:30AM  ,Is Lucid Motors Stock A Buy Right Now As Lock-Up Period Expires?
TSLA,Sep-10-21,08:53AM  ,These Are The Best EV Stocks To Buy And Watch Now
TSLA,Sep-10-21,08:17AM  ,"2 Electric Vehicle Stocks That Turned $10,000 Into More Than $60,000"
TSLA,Sep-10-21,08:10AM  ,Why This Pricey Growth Stock Is a Smart Buy
TSLA,Sep-10-21,08:00AM  ,Tesla Joins 11 Stocks Thriving During Market's Four-Day Slide
TSLA,Sep-10-21,06:45AM  ,How Many Vehicles Could Tesla Deliver This Quarter?
TSLA,Sep-10-21,05:00AM  ,Why Sequoia Capitals Michael Moritz Thinks SpaceX Is More Important Than Tesla
TSLA,Sep-09-21,08:10PM  ,Teslas Elon Musk reportedly urges super hardcore push for deliveries amid supply chain problems
TSLA,Sep-09-21,07:17PM  ,"SHAREHOLDER ALERT: Pomerantz Law Firm Investigates Claims On Behalf of Investors of Tesla, Inc. - TSLA"
TSLA,Sep-09-21,06:35PM  ,Lucid Stock Got Its First Rating. Why One Analyst Likes It More Than Tesla.
TSLA,Sep-09-21,04:33PM  ,Rocket Lab lands multi-launch deal with satellite company Kinéis
TSLA,Sep-09-21,02:55PM  ,Apples Watch Software Chief Takes Over Self-Driving Car Project
TSLA,Sep-09-21,02:41PM  ,UPDATE 2-Tesla's Musk asks staff to 'go super hardcore' to ensure decent Q3 delivery number
TSLA,Sep-09-21,02:34PM  ,Tesla's Musk asks staff to 'go super hardcore' to ensure decent Q3 delivery number
TSLA,Sep-09-21,12:56PM  ,Is Ford Stock A Buy Now? Automaker Snags Apple Exec Amid August Sales Slump
TSLA,Sep-09-21,11:50AM  ,Best Growth Stocks October 2021
TSLA,Sep-09-21,11:14AM  ,Dow Jones Rallies As Jobless Claims Drop To New Pandemic Low; Lululemon Soars On Earnings
TSLA,Sep-09-21,10:35AM  ,Shares of Tesla Are Continuing to Gain Traction
TSLA,Sep-09-21,10:29AM  ,"Taper Or Tarry: Will Delta, Inflation, And Employment Data Spur Fed Action Or Delay?"
TSLA,Sep-09-21,09:34AM  ,"Company News for Sep 9, 2021"
TSLA,Sep-09-21,09:32AM  ,Lucid Stock Gets Its First Rating. Why the Analyst Likes It Better Than Tesla.
TSLA,Sep-09-21,06:32AM  ,Could This EV Stock Reach a $1 Trillion Market Cap Before Tesla?
TSLA,Sep-08-21,06:46PM  ,Cryptocurrency ETF Definition
TSLA,Sep-08-21,05:45PM  ,Tesla (TSLA) Gains As Market Dips: What You Should Know
TSLA,Sep-08-21,04:37PM  ,Applied Materials Focuses On Improved EV Chip Production To Tap Likes Of Tesla
TSLA,Sep-08-21,04:21PM  ,Tesla China Sales Jump On Export-Led Strategy As Overall Chinese EV Sales Triple
TSLA,Sep-08-21,04:17PM  ,UPDATE 2-Tesla plans energy trading team as company expands battery projects
TSLA,Sep-08-21,03:47PM  ,Tesla plans energy trading team as company expands battery projects
TSLA,Sep-08-21,03:29PM  ,"Tesla plans to begin trading solar, wind and battery storage energy"
TSLA,Sep-08-21,02:37PM  ,Amazon.com goes for jugular in FCC spat with SpaceX's Musk
TSLA,Sep-08-21,02:34PM  ,Amazon.com goes for jugular in FCC spat with SpaceX's Musk
TSLA,Sep-08-21,01:53PM  ,"Heres why investors are selling Tesla and buying Ford, GM: Analyst"
TSLA,Sep-08-21,01:49PM  ,Dow Jones Falls As Yellen Gives This Warning; Fed Official Urges Tapering; Coinbase Dips On Probe
TSLA,Sep-08-21,01:32PM  ,"5 Stock Ideas From the Investor Who Predicted Tesla Would Rise to $1,000"
TSLA,Sep-08-21,12:40PM  ,Consumer discretionary stocks most shorted right now: S&P Global
TSLA,Sep-08-21,12:00PM  ,Dow Jones Slides As Yellen Warns Congress; Apple Sells Off From Record High; Tesla Skids Amid China Sales
TSLA,Sep-08-21,11:00AM  ,Tesla Shares Jump By 2.6% Following A Jump In Vehicle Sales In China
TSLA,Sep-08-21,10:19AM  ,Ford Powers Up With Tesla And Apple's Engineer
TSLA,Sep-08-21,10:16AM  ,August Figures Reveal Surging Demand For EVs
TSLA,Sep-08-21,10:03AM  ,"Dow Jones Today, Stocks Open Lower With Salesforce, Generac, PayPal Near Buy Points: Tesla China Sales Surge"
TSLA,Sep-08-21,09:47AM  ,3 Top Electric Vehicle Stocks to Buy for the Long Haul
TSLA,Sep-08-21,09:42AM  ,Is Tesla (TSLA) Gradually Losing Its EV Dominance?
TSLA,Sep-08-21,08:48AM  ,Join Wejo CEO & VOSO CEO in Fireside Chat: Sept. 10 at 2PM EDT
TSLA,Sep-08-21,08:28AM  ,Tesla Stock Is Up Despite a Bad Review. Thank China.
TSLA,Sep-08-21,08:19AM  ,"Dow Jones Today, Futures Flat With Salesforce, Generac, PayPal Near Buy Points: Tesla China Sales Surge"
TSLA,Sep-08-21,08:17AM  ,"Dow Jones Futures: Apple Leads Market Rally; Tesla China Sales, PayPal Deal, Bitcoin In Focus"
TSLA,Sep-08-21,06:45AM  ,Chip Supply Faces New Crunch as Malaysia Plants Shut for a Week
TSLA,Sep-08-21,05:49AM  ,"Watch Live: Jim Cramer on Coinbase, Tesla, GameStop, and Paypal"
TSLA,Sep-08-21,04:24AM  ,Tesla Stock Moves Higher After Solid August China Sales Data
TSLA,Sep-08-21,04:03AM  ,"PayPal, Citrix Rise Premarket; Bumble Falls"
TSLA,Sep-07-21,09:25PM  ,"SHAREHOLDER ALERT: Pomerantz Law Firm Investigates Claims  On Behalf of Investors of Tesla, Inc. - TSLA"
TSLA,Sep-07-21,06:21PM  ,Apple Car Chiefs Departure Puts Its Next Big Thing in Doubt
TSLA,Sep-07-21,06:09PM  ,Tesla Stock Rose Today for an Odd Reason
TSLA,Sep-07-21,04:12PM  ,Ford Hires Away Apple's Top Car Chief
TSLA,Sep-07-21,03:38PM  ,"Fords stock jumps Tuesday after vehicle maker hires former Apple, Tesla executive"
TSLA,Sep-07-21,03:20PM  ,Dow Jones Slips As Apple Hits New High; Bitcoin Plunges Amid El Salvador Move; Tesla Surges
TSLA,Sep-07-21,01:44PM  ,"Dow Jones Falls 175 Points, But Apple Hits All-Time High; Tesla Up, Bitcoin Tanks 9%"
TSLA,Sep-07-21,12:47PM  ,Is Li Auto Stock A Buy? Shares Near Critical Level After August Sales Jump 248%
TSLA,Sep-07-21,12:16PM  ,UPDATE 1-Mobileye to launch robotaxis in Germany next year
TSLA,Sep-07-21,12:13PM  ,Millennials will power a bull market in stocks for decades: Ark Invest's Cathie Wood
TSLA,Sep-07-21,12:11PM  ,"Is Tesla Stock A Buy Right Now? Here's What Tesla Earnings, Charts Show"
TSLA,Sep-07-21,12:09PM  ,Dow Jones Sells Off As Apple Hits New High; Four Top Growth Stocks To Buy And Watch
TSLA,Sep-07-21,11:59AM  ,Tesla Stock Is Rising for an Odd Reason
TSLA,Sep-07-21,11:27AM  ,Why Tesla Stock Stomped on the Gas Today
TSLA,Sep-07-21,11:25AM  ,"Strategist talks Federal Reserve, bonds, and Tesla stock price"
TSLA,Sep-07-21,11:10AM  ,Mobileye to launch robotaxis in Germany next year -CEO
TSLA,Sep-07-21,10:56AM  ,People will go EV because theyre proving to be a better product: analyst
TSLA,Sep-07-21,10:37AM  ,Self-Driving Cars Are Here and the Leaders May Surprise You
TSLA,Sep-07-21,09:22AM  ,Toyota Is Spending More on EV Batteries. Heres How It Stacks Up.
TSLA,Sep-07-21,07:26AM  ,Work Starts at U.K.s Top Storage Project Using Tesla Batteries
TSLA,Sep-07-21,06:42AM  ,Dow Jones Futures: Why The Market Rally Is So Strong; Tesla Holds Buy Point Despite Bad News
TSLA,Sep-06-21,10:50PM  ,"Elon Musk 'Changing The World With His Ventures,' Says Tesla Rival Volkswagen's CEO"
TSLA,Sep-06-21,04:47PM  ,10 Trending Stocks on Reddit
TSLA,Sep-06-21,01:14PM  ,UPDATE 1-Volkswagen CEO: 'We need a better software culture'
TSLA,Sep-06-21,08:21AM  ,"Auto Stock Roundup: Buyout Updates From THO, CNHI & SMP, and More"
TSLA,Sep-06-21,07:26AM  ,Tesla (TSLA) Delays Its Cybertruck Production to Late 2022
TSLA,Sep-06-21,05:01AM  ,Revealed: The UK's top 10 best selling cars
TSLA,Sep-06-21,04:26AM  ,UK car sales weakest since 2013 in August as supply chain issues continue
TSLA,Sep-05-21,10:46AM  ,"Ark Invest Tesla Stock Price Target May Be Outrageous, But Elon Musk Says It Is Worth $3,000 A Share 'If They Execute Really Well'"
TSLA,Sep-05-21,08:36AM  ,GM Stock A Buy? Is General Motors Really Worth Less Than Rivian?
TSLA,Sep-05-21,08:30AM  ,Don't Count on Social Security: 2 Smart Stocks to Help You Retire
TSLA,Sep-05-21,08:06AM  ,German decision on Tesla subsidies expected by end of year
TSLA,Sep-05-21,07:40AM  ,German decision on Tesla subsidies expected by end of year
TSLA,Sep-05-21,06:16AM  ,"SHAREHOLDER ALERT: Pomerantz Law Firm Investigates Claims On Behalf of Investors of Tesla, Inc. - TSLA"
TSLA,Sep-04-21,09:52AM  ,"EV Week In Review: Tesla's Many Delays, Chip Crunch Bites Nio, Apple Car Rumors, Trouble Brews For Workhorse, Volkswagen's Best-seller Reaches China"
TSLA,Sep-04-21,09:07AM  ,10 Reddit YOLO Stocks That Are Losing Ground
TSLA,Sep-04-21,09:06AM  ,1 Obvious Thing Tesla Permabears Miss
TSLA,Sep-03-21,10:13PM  ,The Story of Uber
TSLA,Sep-03-21,07:55PM  ,Victim of Tesla crash in Texas had alcohol level exceeding legal limit
TSLA,Sep-03-21,07:42PM  ,Victim of Tesla crash in Texas had alcohol level exceeding legal limit
TSLA,Sep-03-21,05:55PM  ,Elon Musk Hosted a Tesla All Hands Meeting. Heres What Happened.
AAPL,Sep-10-21,09:35PM  ,Dow Jones Futures: Market Rally Retreats Amid 'Epic' Apple Sell-Off; Will Tesla Self-Driving Release 'Blow Your Mind'?
AAPL,Sep-10-21,08:41PM  ,Apple dealt huge blow over iPhone App Store as judge instructs it to make major concessions to developers
AAPL,Sep-10-21,08:36PM  ,The S&P 500 Has Had a Good Run. Why Wall Street Thinks a Pullback Is Coming.
AAPL,Sep-10-21,08:30PM  ,Analysis-Epic's narrow win in App Store case toughens fight against Google Play rules
AAPL,Sep-10-21,07:24PM  ,Apple Fires Manager Who Complained; She Gains Right to Sue
AAPL,Sep-10-21,07:17PM  ,"Wall Street ends down, Apple sinks on app store ruling"
AAPL,Sep-10-21,06:50PM  ,Epic ruling invites future efforts to paint Apple as monopolist -experts
AAPL,Sep-10-21,06:32PM  ,Why Apple Stock Dropped Today
AAPL,Sep-10-21,06:32PM  ,The S&P 500 Has Had a Good Run. Why Wall Street Thinks a Pullback Is Coming.
AAPL,Sep-10-21,06:15PM  ,Stock market news live updates: Wall Street ends 5-day losing streak; Apple sinks after Epic ruling
AAPL,Sep-10-21,06:14PM  ,U.S. lawmakers say decision in Apple/Epic fight shows need to update laws
AAPL,Sep-10-21,05:43PM  ,"Ruling in Epic-Apple case could hit core of App Store, but Apple escapes monopolist label"
AAPL,Sep-10-21,05:37PM  ,Tech Stocks Are Jumping as Judge Forces Changes to Apples App Store
AAPL,Sep-10-21,05:33PM  ,Apple Stock Fell After Judge Issues a Legal Blow Against App Store
AAPL,Sep-10-21,05:04PM  ,Judge rules Apple must allow other forms of in-app purchases
AAPL,Sep-10-21,04:59PM  ,"Market Recap: Friday, September 10"
AAPL,Sep-10-21,04:42PM  ,Epic v. Apple ruling is a black eye for Apple but also a containable risk
AAPL,Sep-10-21,04:33PM  ,Apple Risks Losing Billions of Dollars Annually From Epic Games Ruling
AAPL,Sep-10-21,04:29PM  ,Apple Loses $85 Billion in Value After App Store Ruling
AAPL,Sep-10-21,04:20PM  ,Court Ruling Delivers Major Setback To Apple's App Store Business
AAPL,Sep-10-21,04:20PM  ,"US STOCKS-Wall Street ends down, Apple sinks on app store ruling"
AAPL,Sep-10-21,04:13PM  ,Apples App Store Grip Loosened as Judge Raps Pricing Power
AAPL,Sep-10-21,04:10PM  ,Analysts Bullish On iPhone 13 Prospects Thanks To Carrier Promotions
AAPL,Sep-10-21,04:02PM  ,"Apples Risk Is Limited From App Store Payment Decision, Analysts Say"
AAPL,Sep-10-21,04:00PM  ,"US STOCKS-Wall Street ends down, Apple sinks on app store ruling"
AAPL,Sep-10-21,03:49PM  ,Why Zynga Stock Popped 8% Today
AAPL,Sep-10-21,02:51PM  ,"Apple cant force developers to use its in-app payment system, federal judge rules"
AAPL,Sep-10-21,02:32PM  ,US STOCKS-Wall Street mixed while Apple sinks on app store ruling
AAPL,Sep-10-21,01:32PM  ,Apple at risk of losing billions in fees after landmark App Store ruling
AAPL,Sep-10-21,01:13PM  ,Will FAANG stocks get routed because of the Federal Reserve?
AAPL,Sep-10-21,01:12PM  ,"US STOCKS-Wall St subdued on inflation data, Apple drop"
AAPL,Sep-10-21,01:06PM  ,"Factbox-Apple vs Epic case: heated arguments, dramatic calls"
AAPL,Sep-10-21,12:14PM  ,"Apple Must Allow App Developers to Use Other In-App Payment Systems, Judge Rules in Epic Games Case"
AAPL,Sep-10-21,12:11PM  ,Court issues permanent injunction in Epic Games v. Apple case
AAPL,Sep-10-21,12:10PM  ,Apple's stock takes a dive to pace the Dow's losers after report of unfavorable court decision
AAPL,Sep-10-21,12:07PM  ,Epic v. Apple ruling: Judge finds Apple's App Store restrictions violate antitrust law
AAPL,Sep-10-21,11:53AM  ,"With Expectations Muted, Demand for Apples New Phones Could Surprise"
AAPL,Sep-10-21,11:46AM  ,6 Dow Jones Stocks To Buy And Watch In September 2021: Apple Sells Off On Judge Ruling
AAPL,Sep-10-21,11:30AM  ,U.S. judge in 'Fortnite' case strikes down Apple's in-app payment restrictions
AAPL,Sep-10-21,11:27AM  ,UPDATE 2-Judge in 'Fortnite' case strikes down some of Apple's in-app payments rules
AAPL,Sep-10-21,11:12AM  ,Facebooks WhatsApp Boosts End-to-End Encryption Amid Scrutiny
AAPL,Sep-10-21,10:46AM  ,Match Appoints Renate Nyborg as Tinders First Female CEO
AAPL,Sep-10-21,10:42AM  ,You should always be expecting a 10% correction in the market: Mike Wilson
AAPL,Sep-10-21,10:31AM  ,3 Top Stocks to Buy for the Long Haul
AAPL,Sep-10-21,10:04AM  ,Apple (AAPL) is a Must Buy Ahead of iPhone 13 Launch on Sep 14
AAPL,Sep-10-21,10:00AM  ,iPhone 13 and Pro Max: Rumours and everything we know so far
AAPL,Sep-10-21,09:54AM  ,Facebook embedded RayBan launched in UK and US
AAPL,Sep-10-21,09:53AM  ,Apple Chip Designer Imagination Considers London IPO
AAPL,Sep-10-21,09:45AM  ,10 Best Infrastructure Stocks According to Reddit
AAPL,Sep-10-21,09:35AM  ,UPDATE 1-Apple to spend over $500 mln on marketing Apple TV+ -The Information
AAPL,Sep-10-21,09:34AM  ,"What to expect from businesses, states after Bidens vaccine mandate"
AAPL,Sep-10-21,09:23AM  ,Apple to spend over $500 million on marketing Apple TV+ -The Information
AAPL,Sep-10-21,08:35AM  ,FB Stock A Buy? Facebook Gets Cool With Smart Glasses
AAPL,Sep-10-21,08:34AM  ,"'Buy Now, Pay Later' Consumer Financing Takes On Credit Cards"
AAPL,Sep-10-21,07:47AM  ,Contactless Payment Gaining Popularity: 4 Stocks to Watch
AAPL,Sep-10-21,07:34AM  ,3 Top U.S. Stocks to Watch in September
AAPL,Sep-10-21,07:15AM  ,Apple fires whistleblower who complained about workplace sexism
AAPL,Sep-10-21,05:30AM  ,Apple a 'Compelling Setup' Ahead of Product Event: Analyst Huberty
AAPL,Sep-10-21,04:37AM  ,"Premarket Movers Friday - Affirm, Wells Fargo, Apple, Kroger"
AAPL,Sep-10-21,03:15AM  ,"Facebooks Smart Glasses Can Take Calls and Photos, Lack AR"
AAPL,Sep-09-21,11:20PM  ,Epic Wants Fortnite Back on App Store After New Korea Law
AAPL,Sep-09-21,11:00PM  ,Vivo Launches Phone With Own Imaging Chip Days Ahead of iPhone
AAPL,Sep-09-21,10:13PM  ,Apple: Things Looking up Ahead of Anticipated September iPhone 13
AAPL,Sep-09-21,09:36PM  ,UPDATE 2-Apple rebuffs Epic request to restore Fortnite developer account in South Korea
AAPL,Sep-09-21,08:55PM  ,Apple rebuffs Epic request to restore Fortnite developer account in South Korea
AAPL,Sep-09-21,07:26PM  ,Tencent Leads $60 Billion Loss as Game Crackdown Expands
AAPL,Sep-09-21,06:59PM  ,Sheryl Sandberg Says Small Businesses Online Revolution Will Continue
AAPL,Sep-09-21,05:00PM  ,Chinese Phone Charger Giant Has Ambitions Beyond Ruling Amazon
AAPL,Sep-09-21,04:17PM  ,Why Biden cant fix the semiconductor shortage
AAPL,Sep-09-21,04:15PM  ,Amazon Lights Fire Under Hot TV Market With Branded Set Of Devices
AAPL,Sep-09-21,02:55PM  ,Apples Watch Software Chief Takes Over Self-Driving Car Project
AAPL,Sep-09-21,02:17PM  ,Googles Medical Chief Says Company Shifting Health Focus
AAPL,Sep-09-21,02:06PM  ,Why the market is responding favorably to airline stocks
AAPL,Sep-09-21,01:49PM  ,Tech Support: Should you buy the new iPhone
AAPL,Sep-09-21,01:40PM  ,"Apple is spending 'chump change' on original content, and that is big win for Netflix stock: analyst"
AAPL,Sep-09-21,12:34PM  ,"Apple event: Everything we expect from the big launch live stream, including iPhone 13, Apple Watch Series 7 and new AirPods"
AAPL,Sep-09-21,12:08PM  ,Apple Stock Beats the Market Ahead of the iPhone Launch. The Street Remains Bullish.
AAPL,Sep-09-21,12:06PM  ,GameStop says it isn't just selling video games  it's also 'evolving' into a tech company
AAPL,Sep-09-21,12:00PM  ,Microsoft Scraps Return-to-Office Plan as Delta Variant Rages
AAPL,Sep-09-21,11:15AM  ,"Bridgerton, Stranger Things are the most important shows for Netflix: analyst"
AAPL,Sep-09-21,11:05AM  ,"'Buy Now, Pay Later' Consumer Financing Takes On Credit Cards"
AAPL,Sep-09-21,10:32AM  ,When can you pre-order Apples iPhone 13 in the UK?
AAPL,Sep-09-21,10:15AM  ,2 Top Growth Stocks to Buy Right Now and Hold for the Long Term
AAPL,Sep-09-21,09:58AM  ,Climate Activist Hedge Fund Engine No. 1 Is Buying These Energy Stocks
AAPL,Sep-09-21,09:43AM  ,Apple (AAPL) Set to Launch 3 Kids & Family Shows on Apple TV+
AAPL,Sep-09-21,09:09AM  ,"If You'd Invested $1,000 in Roku In 2017, This Is How Much You Would Have Today"
AAPL,Sep-09-21,08:00AM  ,The Rise Of Streaming Video Brings New TV Programming Gatekeepers
AAPL,Sep-08-21,09:00PM  ,CoCoPIE helps lower end smartphones achieve high-end performance
AAPL,Sep-08-21,06:57PM  ,Why Globalstar Stock Soared 30% Today
AAPL,Sep-08-21,06:05PM  ,Is Apple Stock A Buy Ahead Of iPhone 13 Launch?
AAPL,Sep-08-21,04:53PM  ,"Microsoft's Latest Move To Compete Against Google, Apple"
AAPL,Sep-08-21,04:05PM  ,Apple Will See Minimal Financial Impact From App Store Changes: Analysts
AAPL,Sep-08-21,04:00PM  ,"New iPhones Are Coming. Apple Stock Is a Buy, This Analyst Says."
AAPL,Sep-08-21,03:52PM  ,"Fast-Growing Stocks: Apple, GOOGL Stock Among 24 Names Expecting 65% To 749% Growth In Q3"
AAPL,Sep-08-21,03:33PM  ,Apple App Store Changes Fail to Stem Push for Overhaul Bill
AAPL,Sep-08-21,02:30PM  ,Netflix stock has been on a tear  here's why
AAPL,Sep-08-21,01:20PM  ,"Apple is facing a mountain of controversies, but investors don't seem to care"
AAPL,Sep-08-21,01:04PM  ,iPhone 13: Everything we know about new Apple phone as release date nears
AAPL,Sep-08-21,12:20PM  ,Dow Jones Off Lows After Stock Market Sell-Off Fueled By Fed Official's Comments
AAPL,Sep-08-21,12:00PM  ,Dow Jones Slides As Yellen Warns Congress; Apple Sells Off From Record High; Tesla Skids Amid China Sales
FB,Sep-10-21,05:45PM  ,Facebook (FB) Gains As Market Dips: What You Should Know
FB,Sep-10-21,05:10PM  ,UPDATE 1-Italy data authority asks Facebook for clarifications on smart glasses
FB,Sep-10-21,04:13PM  ,Apples App Store Grip Loosened as Judge Raps Pricing Power
FB,Sep-10-21,02:33PM  ,These Are The 5 Best Stocks To Buy And Watch Now
FB,Sep-10-21,02:28PM  ,Italy data authority asks Facebook for clarifications on smart glasses
FB,Sep-10-21,02:21PM  ,Italy data authority asks Facebook for clarifications on smart glasses
FB,Sep-10-21,01:13PM  ,Will FAANG stocks get routed because of the Federal Reserve?
FB,Sep-10-21,11:12AM  ,Facebooks WhatsApp Boosts End-to-End Encryption Amid Scrutiny
FB,Sep-10-21,10:43AM  ,"Best Mutual Funds Betting Billions On Microsoft, Shopify, Facebook, GOOGL Stock"
FB,Sep-10-21,10:36AM  ,Is Shopify Stock A Buy After Reclaiming These Key Levels?
FB,Sep-10-21,10:35AM  ,Facebook expands Euston office in boost for London's post-Covid recovery
FB,Sep-10-21,09:59AM  ,Facebook (FB) Set to Launch Ray-Ban Stories Smart Glasses
FB,Sep-10-21,09:54AM  ,Facebook embedded RayBan launched in UK and US
FB,Sep-10-21,09:34AM  ,"What to expect from businesses, states after Bidens vaccine mandate"
FB,Sep-10-21,08:35AM  ,FB Stock A Buy? Facebook Gets Cool With Smart Glasses
FB,Sep-10-21,03:15AM  ,"Facebooks Smart Glasses Can Take Calls and Photos, Lack AR"
FB,Sep-09-21,07:20PM  ,"Facebook, EssilorLuxottica Talk Face Tech"
FB,Sep-09-21,06:59PM  ,Sheryl Sandberg Says Small Businesses Online Revolution Will Continue
FB,Sep-09-21,06:04PM  ,Facebook Fights Back AgainstU.K. Order to Sell Giphy Unit
FB,Sep-09-21,04:42PM  ,Facebook Launched Its Smart Glasses. Why They Are More Than a Gadget.
FB,Sep-09-21,04:10PM  ,Facebook Enters Smart Glasses Market With Ray-Ban Eyewear
FB,Sep-09-21,03:51PM  ,Yahoo Finance Presents: Head of Facebook Financial David Marcus
FB,Sep-09-21,03:01PM  ,Facebook unveils smart glasses in techs latest stab at wearable computing
FB,Sep-09-21,02:21PM  ,Facebook Reveals Smart Glasses: Ray-Ban Stories
FB,Sep-09-21,02:20PM  ,"Facebook launches smart glasses to take photos of what you see, warning people will use them inappropriately"
FB,Sep-09-21,01:40PM  ,"Apple is spending 'chump change' on original content, and that is big win for Netflix stock: analyst"
FB,Sep-09-21,01:12PM  ,Facebook's new smart glasses can take calls and photos but lack augmented reality
FB,Sep-09-21,12:54PM  ,UPDATE 1-Facebook unveils its first smart glasses
FB,Sep-09-21,12:52PM  ,"New Facebook sunglasses could be used for secret filming, reviewers say"
FB,Sep-09-21,12:01PM  ,Facebook unveils its first smart glasses
FB,Sep-09-21,12:00PM  ,Ray-Ban and Facebooks Camera-Equipped Sunglasses. Cool? Yes. Creepy? Yes.
FB,Sep-09-21,11:15AM  ,"Bridgerton, Stranger Things are the most important shows for Netflix: analyst"
FB,Sep-09-21,10:57AM  ,"UPDATE 1-Schiff presses Facebook, Amazon on efforts to curb COVID-19 vaccine misinformation"
FB,Sep-09-21,10:28AM  ,Facebook developing machine learning chip - The Information
FB,Sep-09-21,10:24AM  ,Facebook developing machine learning chip - The Information
FB,Sep-09-21,09:06AM  ,Facebook (FB) is a Top-Ranked Growth Stock: Should You Buy?
FB,Sep-09-21,07:47AM  ,"This Robot Trader Just Turned Bullish on Amazon, Facebook, and Nvidia. Heres What It Sold."
FB,Sep-09-21,01:00AM  ,Facebook Workrooms: Are virtual meeting rooms the answer for home-workers?
FB,Sep-09-21,12:02AM  ,"This Robot Trader Just Turned Bullish on Amazon, Facebook, and Nvidia. Heres What It Sold."
FB,Sep-08-21,08:47PM  ,Byjus to Accelerate IPO Plans as India Tech Booms
FB,Sep-08-21,07:22PM  ,U.S. Antitrust Cops Unveil Data Backing Facebook Monopoly Case
FB,Sep-08-21,02:30PM  ,Netflix stock has been on a tear  here's why
FB,Sep-08-21,02:20PM  ,Facebook criticises UK competition watchdogs concerns over Giphy takeover
FB,Sep-08-21,01:03PM  ,Twitter tests 'Communities' feature for tweeting to groups
FB,Sep-08-21,12:11PM  ,Facebook accused of discrimination after mechanic and pilot jobs targeted at men
FB,Sep-08-21,10:48AM  ,Tech sector has no shortage of opportunities
FB,Sep-08-21,10:14AM  ,Why Facebook (FB) is a Top Momentum Stock for the Long-Term
FB,Sep-08-21,09:33AM  ,Could The Trade Desk Be a Millionaire-Maker Stock?
FB,Sep-08-21,09:23AM  ,UPDATE 2-Facebook questions British watchdog's authority to order Giphy sale
FB,Sep-08-21,08:55AM  ,Apple stock is up ahead of the iPhone 13 reveal
FB,Sep-08-21,08:48AM  ,Facebook questions British watchdog's authority to order Giphy sale
FB,Sep-08-21,08:44AM  ,Facebook fights British watchdog to retain GIF-maker Giphy
FB,Sep-08-21,08:41AM  ,This Top Growth Stock Could Double in the Coming Years
FB,Sep-08-21,08:17AM  ,"Dow Jones Futures: Apple Leads Market Rally; Tesla China Sales, PayPal Deal, Bitcoin In Focus"
FB,Sep-08-21,06:00AM  ,Silicon Valley is losing its grip on the US social media market
FB,Sep-08-21,05:59AM  ,"Australian media outlets liable for Facebook comments, court finds"
FB,Sep-08-21,05:56AM  ,"Australian media outlets liable for Facebook comments, court finds"
FB,Sep-07-21,10:12PM  ,Australian court rules media outlets are liable for Facebook comments
FB,Sep-07-21,01:31PM  ,"Top Analyst Reports for Facebook, AbbVie & 3M"
FB,Sep-07-21,12:47PM  ,25 Largest Countries in the World
FB,Sep-07-21,09:51AM  ,25 Happiest Countries in the World
FB,Sep-07-21,07:49AM  ,Johnson announces £12bn tax increase to fund NHS and social care
FB,Sep-06-21,11:50AM  ,25 Youngest Countries in the World
FB,Sep-05-21,04:09PM  ,Facebook apologizes for primates label on video of Black men
FB,Sep-05-21,11:49AM  ,New Investor? Here Are 3 Great Starter Stocks
FB,Sep-05-21,04:40AM  ,Facebooks Great Valuation: Right Time for FB Stock?
FB,Sep-04-21,08:36AM  ,Amazon Stock Leads 5 E-Commerce Plays Near Buy Points
FB,Sep-03-21,01:19PM  ,Apple Delays Launch of Feature That Would Scan Photos for Child Abuse
FB,Sep-03-21,12:23PM  ,Michael Burry Is Selling These 15 Stocks
FB,Sep-03-21,10:02AM  ,Reddit eyes IPO in 2022: RPT
FB,Sep-03-21,07:03AM  ,These 3 Companies Should Acquire Zoom For a Bargain Today
FB,Sep-02-21,11:33PM  ,This is why Facebook's (NASDAQ:FB) high Returns can Convert into double-digit Revenue Growth
FB,Sep-02-21,04:59PM  ,10 Reddit Stocks Hedge Funds Like
FB,Sep-02-21,04:34PM  ,"Dow Jones Leads Upside; S&P 500, Nasdaq Notch New Highs; Facebook, Netflix Stock Near Buy Zones"
FB,Sep-02-21,03:46PM  ,Why Facebook Stock Was Slipping Today
FB,Sep-02-21,03:20PM  ,Facebooks WhatsApp Is Fined by European Union for Privacy Violations
FB,Sep-02-21,02:42PM  ,The tech trade isn't done: Jefferies analyst
FB,Sep-02-21,01:19PM  ,Irish watchdog fines Facebook-owned WhatsApp $267 million after privacy breach
FB,Sep-02-21,11:31AM  ,Here's what's driving recent tech gains
FB,Sep-02-21,10:40AM  ,WhatsApp slapped with 225m GDPR fine
FB,Sep-02-21,09:42AM  ,Is It Too Late to Buy Facebook Stock?
FB,Sep-02-21,09:25AM  ,Top 25 Suicidal Countries in the World
FB,Sep-02-21,08:55AM  ,India Aims to Open Finance to Millions With User-Data System
FB,Sep-02-21,08:54AM  ,UPDATE 2-WhatsApp fined a record 225 mln euro by Ireland over privacy
FB,Sep-02-21,07:52AM  ,Facebook: Shifting Digital Ad Trends Means Its Time to Move to the Sidelines
FB,Sep-02-21,07:47AM  ,3 Virtual and Augmented Reality Stocks to Buy Right Now
FB,Sep-02-21,07:41AM  ,Ireland lands WhatsApp with record 225m data fine
FB,Sep-02-21,07:41AM  ,CORRECTED-EU privacy watchdog wanted WhatsApp fine to include Facebook turnover
FB,Sep-02-21,06:56AM  ,WhatsApp Fined $266 Million Over Data Transparency Breaches
FB,Sep-02-21,06:13AM  ,Facebook's WhatsApp fined $267 million by Irish data regulator
FB,Sep-02-21,06:10AM  ,EU privacy watchdog wants WhatsApp fine to include Facebook turnover
FB,Sep-02-21,06:05AM  ,WhatsApp hit with record 225 million euro Irish privacy fine
FB,Sep-02-21,06:00AM  ,Irish data privacy watchdog fines WhatsApp 225 mln euros
FB,Sep-01-21,06:29PM  ,Why Facebook Pays Shopify Integration Matters
FB,Sep-01-21,04:47PM  ,U.S. DOJ Readying Google Antitrust Lawsuit Over Ad-Tech Business
FB,Sep-01-21,04:28PM  ,Facebook Stock Gets a Downgrade. Watch the Threat From Snap and TikTok.
FB,Sep-01-21,04:18PM  ,"Why Facebook Stock Dropped This Morning, but Apple and Roku Popped"
FB,Sep-01-21,04:15PM  ,Elizabeth Warren Urges Justice Department to Investigate Google-Facebook Ad Deal
FB,Sep-01-21,03:33PM  ,Facebook's Latest Move To Win User Time From TikTok
FB,Sep-01-21,01:35PM  ,Google stock has quietly gone berserk  here's why
